API Number,Northing,Easting,True Vertical Depth,Normalized TVD
490251039700,974652.3,794810.9,-2007.0,0.45199761478831246
490250631800,950092.0,808959.2,-4007.0,0.15384615384615385
490250632200,950778.6,808258.9,-2195.0,0.42397137745974955
490250632500,951369.6,806496.9,-4430.0,0.0907871198568873
490250632600,951458.9,809057.2,-2301.0,0.40816935002981514
490250632700,951489.5,807735.2,-4195.0,0.12581991651759095
490250632800,952038.5,807051.6,-4298.0,0.11046511627906977
490250632900,952091.8,808321.5,-4061.0,0.14579606440071557
490250633200,952745.0,808947.2,-3949.0,0.16249254621347645
490250633400,952700.9,807660.2,-4156.0,0.13163387000596302
490250633800,953598.2,802788.0,1669.0,1.0
490250633900,953395.6,808280.8,-4018.0,0.15220632081097196
490250634000,953294.8,807006.8,-4325.0,0.10644007155635063
490250634100,953347.9,807654.9,-4206.0,0.12418008348240907
490250634300,953956.5,805074.9,-4611.0,0.06380441264162194
490250634600,953957.3,806350.2,-4437.0,0.08974358974358974
490250634800,954021.0,807643.8,-4220.0,0.12209302325581395
490250634900,953957.4,806998.2,-4336.0,0.10480023852116875
490250635000,953985.5,805699.3,-4522.0,0.077072152653548
490250635800,954626.6,806985.3,-4325.0,0.10644007155635063
490250636000,954658.5,805625.9,-4466.0,0.08542039355992845
490250636100,954606.1,806265.6,-4431.0,0.09063804412641623
490250636200,954711.2,807623.1,-4222.0,0.12179487179487179
490250636500,955294.9,805695.7,-4449.0,0.0879546809779368
490250636700,955285.0,806326.8,-4364.0,0.10062611806797854
490250637300,955311.6,806963.0,-4323.0,0.10673822301729279
490250637500,956010.4,807675.4,-4192.0,0.1262671437090042
490250637600,955925.9,805694.0,-4403.0,0.09481216457960644
490250638000,955869.7,806275.4,-4374.0,0.09913536076326775
490250638200,955763.6,799120.5,-2007.0,0.45199761478831246
490250638400,956063.9,806951.0,-4262.0,0.11583184257602862
490250638800,956671.2,807589.0,-4151.0,0.13237924865831843
490250639100,956626.4,805735.0,-4344.0,0.10360763267740011
490250639200,956569.3,806352.8,-4361.0,0.10107334525939177
490250639400,956624.0,804978.1,-4149.0,0.13267740011926057
490250639500,956474.8,806903.6,-4264.0,0.11553369111508646
490250639700,957283.0,807648.7,-4132.0,0.13521168753726892
490250639900,956977.8,797225.2,-1882.0,0.4706320810971974
490250640200,957221.3,806315.4,-4400.0,0.09525939177101968
490250640500,957237.0,806950.6,-4240.0,0.11911150864639236
490250640600,957188.4,805545.4,-4444.0,0.08870005963029219
490250641300,957921.8,807551.8,-4124.0,0.13640429338103757
490250641500,957865.6,806091.0,-4326.0,0.10629099582587954
490250641800,957867.1,805615.4,-4405.0,0.09451401311866428
490250641900,957890.5,806895.5,-4237.0,0.1195587358378056
490250642200,958898.3,800985.3,-4811.0,0.03398926654740608
490250642400,958513.6,806238.2,-4274.0,0.11404293381037567
490250642500,958806.2,799858.0,436.0,0.8161896243291592
490250642600,958572.6,807608.8,-4104.0,0.13938580799045916
490250643300,959156.1,806727.0,-4124.0,0.13640429338103757
490250644000,959158.8,805574.7,-4350.0,0.10271317829457365
490250644100,958519.2,805614.2,-4349.0,0.10286225402504472
490250644200,959157.0,806190.0,-4198.0,0.1253726893261777
490250644400,959197.4,807581.3,-4074.0,0.14385807990459154
490250644600,959748.4,805579.2,-4322.0,0.10688729874776387
490250645000,959824.0,804929.5,-4451.0,0.08765652951699464
490250645200,959764.7,806844.9,-4184.0,0.1274597495527728
490250645500,959804.8,807558.0,-4046.0,0.14803220035778175
490250646100,960085.0,804987.2,-2461.54,0.38423673225998806
490250646400,960257.6,806240.3,-3850.0,0.1772510435301133
490250646800,960453.1,805586.8,-4286.0,0.11225402504472272
490250647200,960424.4,804925.0,-4419.0,0.09242695289206918
490250647700,960842.5,806121.7,-4278.0,0.11344663088849136
490250647900,961057.4,804380.5,-4390.0,0.09675014907573047
490250648000,961095.5,805586.7,-4263.0,0.11568276684555755
490250648100,961081.2,804922.9,-4397.0,0.09570661896243292
490250648900,958768.4,798924.1,-2105.0,0.43738819320214667
490250649100,961739.7,805569.1,-4282.0,0.11285032796660703
490250649200,961686.3,806134.1,-4182.0,0.12775790101371498
490250649300,961721.0,804285.5,-4367.0,0.1001788908765653
490250649800,961734.7,804940.8,-4252.0,0.11732259988073941
490250650200,962363.7,804257.2,-4286.0,0.11225402504472272
490250650400,962357.1,805452.8,-2494.0,0.3793977340488968
490250650600,962349.9,804900.1,-4208.0,0.12388193202146691
490250650800,962419.3,806233.1,-4078.0,0.14326177698270723
490250651100,962359.5,803602.8,-4319.0,0.1073345259391771
490250651600,962991.9,804931.0,-4124.0,0.13640429338103757
490250651700,962977.4,802885.1,-4379.0,0.09838998211091235
490250651800,963030.0,804277.7,-4183.0,0.12760882528324388
490250652600,964030.5,797367.5,389.0,0.8091830649970185
490250652800,963610.7,803553.8,-4305.0,0.10942158616577222
490250652900,962943.1,803571.7,-4288.0,0.11195587358378056
490250653000,963629.0,802920.4,-4327.0,0.10614192009540847
490250653700,963812.4,804736.3,-4186.0,0.12716159809183064
490250653900,964276.0,802916.9,-4359.0,0.10137149672033392
490250654000,964343.2,803482.8,-4317.0,0.10763267740011927
490250654500,963601.2,804219.0,-4253.0,0.11717352415026834
490250654800,964630.2,804772.0,-4221.0,0.12194394752534288
490250655000,964984.8,804204.1,-4242.0,0.1188133571854502
490250655100,964869.8,803417.3,-4294.0,0.11106141920095408
490250655200,964918.3,802964.9,-4303.0,0.10971973762671437
490250655700,965586.5,802967.8,-4251.0,0.1174716756112105
490250656700,965981.7,803426.1,-4222.0,0.12179487179487179
490250656900,966241.5,802105.4,-4298.0,0.11046511627906977
490250657300,966255.5,802890.5,-4206.0,0.12418008348240907
490250657800,966839.8,802870.9,-4177.0,0.12850327966607036
490250658100,967030.9,803407.6,-4134.0,0.13491353607632678
490250659000,967580.7,803362.3,-4087.0,0.1419200954084675
490250659800,971059.7,791479.0,-1949.0,0.4606440071556351
490250663200,972253.7,791245.3,-2287.0,0.41025641025641024
490250664200,974057.0,790748.4,-2170.7,0.4275939177101968
490250945000,971357.1,790157.1,-2177.0,0.426654740608229
490250949100,974003.5,791095.4,-2323.0,0.4048896839594514
490250949200,971447.8,791006.9,-2184.3,0.4255664877757901
490250951100,975996.8,791995.3,-2302.0,0.40802027429934407
490250951200,974073.0,792055.3,-2266.0,0.4133870005963029
490250952100,974478.6,792059.1,-2268.0,0.41308884913536076
490250952400,970902.9,789946.5,-2160.3,0.42914430530709596
490250952500,969898.3,789670.6,-2064.0,0.44350029815146097
490250952700,976228.7,792546.5,-2297.3,0.4087209302325581
490250953300,972607.6,792218.8,-2263.0,0.41383422778771617
490250953400,976726.8,793322.6,-2254.0,0.41517590936195586
490250958900,952109.4,809040.2,-3954.0,0.16174716756112104
490250959000,953451.4,809049.3,-3926.0,0.16592128801431127
490250959100,971923.6,792246.1,-2234.0,0.41815742397137745
490250959200,971286.5,792244.8,-2199.2,0.42334525939177103
490250959400,979507.9,793112.4,-1181.0,0.575134168157424
490250967900,959761.3,806256.4,-4271.0,0.11449016100178891
490250968000,958577.5,806853.2,-4158.0,0.13133571854502088
490250970700,951464.3,808178.9,-4108.0,0.13878950506857485
490250970800,950147.0,808427.5,-4075.0,0.14370900417412044
490250970900,949384.5,808464.5,-4094.0,0.14087656529516995
490250971000,949518.2,809092.4,-3942.0,0.163536076326774
490250971100,950406.7,803453.2,422.4499999999998,0.814169648181276
490250971600,951123.7,809039.2,-4149.0,0.13267740011926057
490250972800,952705.5,808387.0,-4075.0,0.14370900417412044
490251001700,945437.1,804573.3,907.0,0.8864042933810375
490251001800,973306.7,793482.4,-1977.0,0.4564698867024448
490251002100,958361.9,804320.0,-2558.0,0.36985688729874777
490251002200,969654.3,792602.0,-2159.0,0.4293381037567084
490251002500,962383.1,799616.5,-2186.0,0.42531305903398925
490251002600,956884.6,800117.0,-2149.0,0.4308288610614192
490251002700,960599.0,798466.3,-2139.0,0.43231961836613
490251021100,971787.1,790809.9,-2303.0,0.407871198568873
490251021200,958337.6,800516.1,-2199.0,0.4233750745378652
490251021400,973234.4,790887.2,-2329.0,0.4039952295766249
490251021500,976603.6,794222.9,-2110.0,0.4366428145497913
490251021600,971354.7,789514.4,-2232.0,0.4184555754323196
490251021700,970551.4,789594.7,-2178.0,0.42650566487775793
490251021800,965429.7,796374.2,-2281.0,0.4111508646392367
490251021900,964205.4,800320.6,-2176.7799999999997,0.42668753726893266
490251022000,975803.7,792865.8,-2239.0,0.41741204531902204
490251022100,975389.8,792036.7,-2374.0,0.39728682170542634
490251022200,976722.7,792973.9,-2281.0,0.4111508646392367
490251022300,976611.3,792121.8,-2367.6400000000003,0.3982349433512224
490251022700,960272.0,799036.9,-3181.8999999999996,0.27684853905784146
490251023000,964322.4,804208.1,-4252.0,0.11732259988073941
490251023100,947129.8,806351.4,-4331.0,0.10554561717352415
490251023200,961907.0,801965.1,-1718.0,0.4950805008944544
490251023300,971068.8,796503.2,514.0,0.8278175313059034
490251025200,955554.0,804896.6,-1024.0,0.5985390578413834
490251025300,968078.6,795588.8,-1870.0,0.4724209898628503
490251025900,968716.5,792831.2,-3293.3199999999997,0.2602385211687538
490251026000,968661.2,792301.7,-2849.3199999999997,0.326428145497913
490251026100,968744.7,795601.9,-3507.8599999999997,0.22825581395348843
490251026200,969720.7,795243.1,-2144.0,0.4315742397137746
490251026300,958535.6,801202.2,-2245.0,0.4165175909361956
490251026400,949030.1,802010.4,-2029.0,0.44871794871794873
490251026500,967057.7,792654.3,-982.0,0.6048002385211687
490251026600,956285.2,805021.4,-3627.7,0.21039057841383427
490251026700,968762.7,794911.2,-3425.42,0.24054561717352413
490251027000,963273.9,795387.0,-1726.0,0.49388789505068575
490251027200,953402.3,805946.0,-4458.0,0.08661299940369707
490251027300,950697.6,805827.6,-4455.0,0.08706022659511031
490251027400,948144.3,808386.5,-4074.8999999999996,0.14372391174716762
490251027500,948149.8,808915.9,-3982.2,0.15754323196183664
490251027600,948073.3,804525.2,-4465.2,0.08553965414430534
490251027700,949529.2,805930.0,-4456.4,0.08685152057245087
490251027800,959661.4,801625.6,-4679.4,0.05360763267740017
490251027900,959690.9,802949.5,-4563.0,0.07096004770423375
490251028000,953349.7,804396.0,-4595.0,0.06618962432915922
490251028100,951996.3,804482.7,-4648.0,0.05828861061419201
490251028300,960939.8,799099.5,-4643.0,0.059033989266547404
490251028400,959607.1,798868.0,-4603.0,0.06499701848539058
490251028500,959532.6,800459.1,-4625.0,0.061717352415026835
490251028600,957149.4,800523.5,-4702.0,0.05023852116875373
490251028700,958515.3,801628.1,-4681.0,0.05336911150864639
490251028800,957375.7,801748.0,-4685.0,0.052772808586762074
490251028900,961001.2,802883.8,-4487.0,0.08228980322003578
490251029000,953229.0,800520.8,-4634.0,0.06037567084078712
490251029100,951937.7,801843.2,-4714.0,0.04844961240310078
490251029200,953396.8,802737.7,-4674.0,0.054412641621943945
490251029400,954527.4,804280.3,-4610.0,0.06395348837209303
490251029500,957169.6,802979.2,-4665.0,0.05575432319618366
490251029600,949363.2,804458.2,-4473.2,0.0843470483005367
490251029700,950698.6,806985.6,-4252.0,0.11732259988073941
490251029800,949437.9,806872.5,-4243.5,0.11858974358974358
490251029900,958516.1,804267.3,-4450.0,0.08780560524746571
490251030000,949240.8,801733.7,-4503.0,0.07990459153249851
490251030100,948027.4,803187.5,-4434.0,0.09019081693500298
490251030200,974598.5,792829.6,-2033.0,0.4481216457960644
490251030300,975280.3,794126.6,-2101.0,0.437984496124031
490251030400,964902.8,800263.5,-4449.0,0.0879546809779368
490251030500,963587.9,801531.8,-4417.0,0.09272510435301133
490251030600,962316.7,801613.7,-4457.0,0.08676207513416816
490251030700,958487.0,800188.9,-4675.4,0.05420393559928449
490251030800,960968.9,801520.7,-4529.0,0.07602862254025045
490251030900,958495.6,802952.6,-4620.0,0.06246273106738223
490251031000,956018.3,801632.6,-4726.0,0.04666070363744782
490251031100,950624.6,801783.2,-4621.0,0.062313655336911154
490251031200,950755.3,803195.4,-4638.0,0.0597793679189028
490251031300,973277.8,792866.2,-2169.0,0.4278473464519976
490251031400,973937.2,794188.6,-2113.0,0.43619558735837805
490251031500,963582.4,800154.9,-4416.0,0.0928741800834824
490251031600,966211.4,801554.2,-4334.0,0.1050983899821109
490251031700,964892.0,801572.1,-4335.0,0.10494931425163984
490251031800,961625.2,801614.6,-1959.0,0.45915324985092426
490251031900,956498.4,802371.2,-4703.0,0.05008944543828265
490251032000,958895.9,802194.6,-4643.0,0.059033989266547404
490251032100,966034.1,793759.4,-2003.0,0.4525939177101968
490251032200,959033.1,803613.2,-4536.0,0.07498509242695289
490251032300,955877.5,803082.4,-4682.0,0.053220035778175315
490251032400,954566.0,803013.9,-4680.0,0.05351818723911747
490251032500,964753.3,794328.8,-1970.0,0.4575134168157424
490251032600,962306.4,800981.0,-1950.0,0.46049493142516396
490251032700,957231.1,804506.7,-4521.0,0.07722122838401908
490251032800,957764.3,802445.5,-4675.0,0.05426356589147287
490251032900,957844.2,803649.8,-4577.0,0.06887298747763863
490251033000,956515.0,803620.0,-4608.0,0.06425163983303518
490251033100,952035.6,799063.7,-2320.0,0.4053369111508646
490251033200,954630.4,801683.9,-4719.0,0.04770423375074538
490251033300,955217.3,802338.8,-4695.0,0.05128205128205128
490251033400,953862.0,802332.2,-4728.0,0.046362552176505666
490251033500,951289.9,802512.8,-4693.0,0.05158020274299344
490251033600,951971.3,803149.3,-4685.0,0.052772808586762074
490251033700,953895.7,803820.0,-4612.0,0.06365533691115087
490251033800,952647.0,803786.0,-4620.0,0.06246273106738223
490251033900,963611.8,800147.5,-2099.0,0.43828264758497315
490251034000,958952.1,801053.6,-4684.0,0.05292188431723315
490251034100,957801.6,801054.2,-4709.0,0.049194991055456175
490251034200,951330.2,803832.6,-4595.0,0.06618962432915922
490251034300,952574.6,804866.3,-4534.0,0.07528324388789505
490251034400,951345.0,805268.4,-4489.0,0.08199165175909362
490251034500,964114.9,795087.2,-2037.0,0.4475253428741801
490251034600,964248.4,802251.5,-4344.0,0.10360763267740011
490251034700,962323.9,802892.2,-4375.0,0.09898628503279666
490251034800,960329.7,801002.7,-4630.0,0.06097197376267144
490251034900,956475.9,801096.6,-4699.0,0.05068574836016696
490251035000,960339.6,802292.6,-4576.0,0.06902206320810972
490251035100,960371.8,803612.1,-4460.0,0.08631484794275492
490251035200,958319.5,798786.7,-1787.0,0.4847942754919499
490251035300,955190.1,803787.2,-4629.0,0.06112104949314252
490251035400,950047.3,806440.2,-4356.0,0.10181872391174716
490251035500,971344.7,794229.7,-2055.0,0.44484197972570066
490251035600,962889.6,800952.0,-4459.0,0.086463923673226
490251035700,961614.4,801001.5,-4549.0,0.07304710793082886
490251035800,961762.0,803654.7,-4334.0,0.1050983899821109
490251035900,964800.7,799646.7,-2043.0,0.44663088849135363
490251036000,962171.9,796369.2,-1759.0,0.48896839594514013
490251036100,952503.1,802460.1,-4724.0,0.046958855098389984
490251036200,958989.8,804102.8,-1919.0,0.46511627906976744
490251036300,961004.7,802280.1,-1979.0,0.4561717352415027
490251036500,969412.0,796219.7,-2089.0,0.43977340488968397
490251036600,959618.6,798560.0,-1990.0,0.45453190220632084
490251036700,971375.2,795533.1,-2012.0,0.45125223613595705
490251036800,971432.1,796826.5,-1969.0,0.4576624925462135
490251036900,969263.9,790328.7,-1974.0,0.4569171138938581
490251037000,962286.2,797750.8,-2055.0,0.44484197972570066
490251037100,966199.1,799587.9,-1860.0,0.4739117471675611
490251037200,952051.8,805578.3,-4499.0,0.08050089445438283
490251037300,972730.6,794195.1,-2084.0,0.4405187835420394
490251037400,970088.5,796857.9,-2000.0,0.45304114490161
490251037500,965721.1,794676.9,-1893.0,0.4689922480620155
490251037600,963601.3,800964.5,-2063.0,0.44364937388193204
490251037700,970744.6,797515.7,-1941.0,0.4618366129994037
490251037800,951459.3,803775.7,-2104.0,0.4375372689326178
490251037900,971995.8,795986.4,-1956.0,0.45960047704233753
490251038000,957491.1,799574.2,-2027.0,0.4490161001788909
490251038200,972659.6,795540.1,-1960.0,0.4590041741204532
490251038300,968144.5,792762.4,-2005.0,0.4522957662492546
490251038400,962036.3,798554.8,-2130.0,0.4336612999403697
490251038500,968026.7,791724.6,-1938.0,0.4622838401908169
490251038600,969991.1,794252.6,-2048.0,0.4458855098389982
490251038700,967705.6,794174.7,-1925.0,0.46422182468694095
490251038800,971987.5,794894.3,-2028.0,0.4488670244484198
490251038900,964907.7,800954.5,-1973.0,0.45706618962432916
490251039000,960220.1,797881.3,-1949.0,0.4606440071556351
490251039200,973333.0,794843.9,-1882.0,0.4706320810971974
490251039300,967497.1,793675.2,-2031.0,0.44841979725700654
490251039400,955844.7,800459.6,-3112.0,0.2872689326177698
490251039500,960957.5,800330.5,-4618.0,0.06276088252832439
490251039600,965547.4,800275.0,-2010.0,0.45155038759689925
490251039900,954523.9,799797.1,-1821.0,0.47972570065593323
490251040000,952991.2,803998.7,-1945.0,0.46124031007751937
490251040100,968798.9,796885.4,-2063.0,0.44364937388193204
490251040200,968660.8,790969.8,-1950.0,0.46049493142516396
490251040300,960033.4,802615.8,-2109.0,0.4367918902802624
490251040400,968825.3,798210.7,-1819.0,0.48002385211687537
490251040500,975931.6,794618.6,-2017.0,0.4505068574836017
490251040600,956424.0,803628.5,-1923.0,0.46451997614788315
490251040700,957861.5,802966.8,-2100.0,0.4381335718545021
490251040800,969442.8,797530.2,-2006.0,0.45214669051878353
490251040900,970163.8,790907.5,-2022.0,0.4497614788312463
490251041200,959052.0,802908.2,-2041.0,0.44692903995229577
490251041300,970741.8,796190.2,-2026.0,0.44916517590936195
490251041400,968160.2,796247.4,-2128.0,0.43395945140131187
490251041500,968104.9,794943.2,-2095.0,0.4388789505068575
490251041600,958691.2,806636.0,-4162.0,0.13073941562313654
490251041800,968197.4,798891.1,-1974.0,0.4569171138938581
490251042000,956656.9,799618.2,-2007.0,0.45199761478831246
490251042100,966859.5,800398.8,-1963.0,0.45855694692904
490251042200,970471.6,794664.3,-2142.0,0.43187239117471676
490251042300,968649.6,795625.7,-2067.0,0.4430530709600477
490251042400,970116.5,798180.4,-1924.0,0.464370900417412
490251042500,966602.2,793498.1,-1973.7299999999996,0.45695736434108536
490251042600,955843.9,799768.6,-2036.0,0.4476744186046512
490251042700,949328.6,803284.9,-2043.0,0.44663088849135363
490251042800,969780.0,799361.5,-1935.0,0.4627310673822302
490251042900,967506.6,799727.4,-1969.0,0.4576624925462135
490251043000,962541.7,797336.8,-2101.16,0.4379606440071557
490251043200,954564.2,804762.8,-2038.0,0.447376267143709
490251043500,951321.5,805119.3,-1976.0,0.45661896243291594
490251043600,971329.0,793548.8,-2169.7,0.4277429934406679
490251043700,968663.8,793617.0,-2137.3,0.4325730471079308
490251043800,971315.4,792902.1,-2099.3,0.4382379248658318
490251043900,953409.1,801286.0,246.0,0.7878652355396542
490251044000,955576.4,803812.6,-2089.0,0.43977340488968397
490251044100,953589.0,805095.6,-2068.0,0.44290399522957663
490251044300,970657.5,794914.0,-2025.0,0.449314251639833
490251044400,971937.3,792934.6,-2167.0,0.42814549791293977
490251044500,958136.9,803880.7,-2014.0,0.4509540846750149
490251044600,963485.9,796417.1,-2038.5,0.44730172927847345
490251044700,959767.9,802435.7,-4591.0,0.06678592725104353
490251044800,959632.7,801000.5,-4673.0,0.05456171735241502
490251044900,970652.8,792941.7,-2165.0,0.4284436493738819
490251055000,960377.3,804419.4,-4401.0,0.09511031604054859
490251055100,959806.3,804276.0,-4441.0,0.08914728682170543
490251055200,958493.1,802311.6,-4658.0,0.056797853309481214
490251055300,960411.0,803043.1,-2007.0,0.45199761478831246
490251055400,961025.8,803585.6,-4419.0,0.09242695289206918
490251055500,959631.9,803458.6,-4542.0,0.07409063804412641
490251055600,959047.2,804295.1,-4478.0,0.0836314847942755
490251055700,959079.9,805164.7,-4359.0,0.10137149672033392
490251055800,958500.8,803628.5,-4586.0,0.06753130590339892
490251056000,968752.0,794270.0,-2139.7,0.43221526535480026
490251056100,961348.8,798117.2,-2059.0,0.4442456768038163
490251056200,956346.3,804262.0,-4534.0,0.07528324388789505
490251056300,958551.4,805087.0,-924.0,0.6134466308884914
490251056400,957838.6,805000.1,-4456.0,0.08691115086463924
490251056500,957135.9,804874.7,-4473.0,0.0843768634466309
490251056700,955886.3,804931.0,-4484.0,0.08273703041144902
490251056800,966199.1,800915.5,-1925.0,0.46422182468694095
490251056900,955224.6,803002.6,-4695.0,0.05128205128205128
490251057000,953908.2,803025.6,-4722.0,0.04725700655933214
490251057100,954008.6,804434.6,-4607.0,0.06440071556350627
490251057200,955202.3,804982.4,-4516.0,0.07796660703637448
490251057300,954570.1,804979.2,-4503.0,0.07990459153249851
490251057400,963192.6,796344.9,-2113.0,0.43619558735837805
490251057500,972644.1,793533.3,-2189.0,0.42486583184257604
490251057600,966849.9,799065.1,-2116.38,0.4356917113893858
490251057700,969355.6,793570.5,-2146.0,0.4312760882528324
490251057800,957973.1,804534.0,-1898.0,0.4682468694096601
490251057900,949319.5,803199.8,-4556.0,0.0720035778175313
490251058000,953401.4,805135.8,-4555.0,0.07215265354800239
490251058100,951951.1,805056.1,-4504.0,0.07975551580202743
490251058200,951324.7,805673.0,-4453.0,0.08735837805605247
490251058300,968940.4,792325.4,-2032.0,0.44827072152653546
490251058400,964215.5,795200.0,-2584.0,0.3659809183064997
490251058500,955862.8,804259.3,-4583.0,0.06797853309481217
490251058600,953349.8,806421.9,-4334.0,0.1050983899821109
490251058700,952004.3,806366.7,-4336.0,0.10480023852116875
490251058800,967483.0,799088.9,-2078.6000000000004,0.44132379248658316
490251058900,955785.8,803024.3,-3815.0,0.18246869409660108
490251059000,952579.7,807252.2,-4260.0,0.11612999403697079
490251059100,951911.7,807770.4,-4139.0,0.13416815742397137
490251059200,946629.8,807557.6,-685.0,0.6490757304710794
490251059300,969823.5,790971.0,-2137.5,0.43254323196183664
490251059400,969332.9,792857.6,-2126.5,0.4341830649970185
490251059500,965073.6,794723.3,-2121.5,0.4349284436493739
490251059600,970261.3,792235.4,-1933.0,0.46302921884317233
490251059700,952511.3,805697.0,-4414.0,0.09317233154442457
490251059800,954483.0,800470.8,-1192.0,0.5734943351222421
490251059900,950036.9,807191.6,-4252.0,0.11732259988073941
490251060000,950672.7,801678.9,-2910.0,0.3173822301729278
490251060100,951275.8,807154.5,-4257.0,0.11657722122838401
490251060200,950683.7,806481.0,-4347.0,0.10316040548598689
490251060300,948770.8,808613.1,-4031.0,0.15026833631484796
490251060400,948800.0,809061.9,-3943.0,0.16338700059630293
490251060600,962216.2,798973.0,-4399.0,0.09540846750149076
490251060700,960898.6,798458.0,-2725.0,0.3449612403100775
490251060800,947462.5,809061.3,-3917.0,0.167262969588551
490251060900,950558.1,803439.4,-1296.0,0.5579904591532499
490251061000,952172.4,802051.7,324.0,0.7994931425163984
490251061100,948226.2,807029.0,-4212.5,0.12321109123434705
490251061200,947640.0,808401.0,-4036.0,0.14952295766249254
490251061300,955108.4,804749.9,-2726.0,0.34481216457960645
490251061400,948711.3,807683.1,-4119.0,0.13714967203339296
490251061500,949320.4,807786.5,-4152.0,0.13223017292784733
490251061700,963602.8,800101.1,-2997.0,0.3044126416219439
490251061800,953690.8,800160.4,-2929.0,0.31454979129397737
490251061900,950013.0,805955.0,-4407.0,0.09421586165772212
490251062000,948100.1,805839.9,-4370.0,0.09973166368515206
490251062100,948726.7,807082.6,-4247.0,0.11806797853309481
490251062200,949878.2,801957.4,-4589.0,0.06708407871198568
490251062300,950534.3,802515.1,-4647.0,0.05843768634466309
490251062400,948003.3,802595.6,-4404.0,0.09466308884913537
490251062500,949357.3,803785.1,-4599.0,0.06559332140727489
490251062600,966855.7,798264.3,-2173.7,0.42714669051878357
490251062700,964701.9,794184.6,-2823.0,0.3303518187239117
490251062900,953386.8,801656.4,-4770.0,0.040101371496720335
490251063000,953253.0,802423.0,-4764.0,0.04099582587954681
490251063100,948761.6,804530.9,-4546.0,0.0734943351222421
490251063200,947422.2,804441.3,-4425.0,0.0915324985092427
490251063300,950696.0,805174.7,-4511.0,0.07871198568872988
490251063400,949402.1,805142.6,-4421.0,0.09212880143112702
490251063500,948902.8,805814.5,-4381.0,0.09809183064997018
490251063600,949513.8,806372.7,-4331.0,0.10554561717352415
490251063700,949968.5,802568.4,-4624.0,0.06186642814549791
490251063800,949289.6,802586.9,-4569.0,0.07006559332140727
490251063900,950683.1,803809.6,-4631.0,0.06082289803220036
490251064000,948681.2,803738.6,-4526.0,0.07647584973166369
490251064100,968706.4,798867.3,-2622.0,0.36031604054859867
490251064200,970409.3,793473.0,-2089.0,0.43977340488968397
490251064300,967577.3,798227.9,-2137.0,0.4326177698270722
490251064400,968165.9,798229.3,-2115.0,0.4358974358974359
490251064500,969241.9,793595.5,-2085.0,0.44036970781156826
490251064600,969402.5,791714.2,-2041.0,0.44692903995229577
490251064800,951954.6,801193.6,-4691.0,0.0518783542039356
490251064900,951812.2,802895.5,-2862.0,0.3245378652355397
490251065000,950023.2,804498.2,-4609.0,0.0641025641025641
490251065100,952545.1,803155.8,-4699.0,0.05068574836016696
490251065200,955750.0,801082.0,-4729.0,0.04621347644603459
490251065300,955197.0,800555.2,-4669.0,0.05515802027429934
490251065400,955744.1,799770.6,-4607.0,0.06440071556350627
490251065600,955118.3,799792.9,-4601.0,0.06529516994633273
490251065700,955098.6,801107.4,-4695.0,0.05128205128205128
490251065800,953771.9,800363.0,-4628.0,0.061270125223613595
490251065900,973082.6,793349.6,-2128.0,0.43395945140131187
490251066000,944057.1,807737.0,-2069.0,0.44275491949910556
490251066200,957690.0,800135.0,-4696.0,0.0511329755515802
490251066300,956481.0,800435.5,-4712.0,0.048747763864042934
490251066400,957184.8,801133.4,-4746.0,0.043679189028026234
490251066500,956370.2,799770.2,-4632.0,0.060673822301729276
490251066600,959010.7,800228.5,-4706.0,0.04964221824686941
490251066700,960286.3,799774.5,-4621.0,0.062313655336911154
490251066800,954548.4,802262.7,-4758.0,0.041890280262373285
490251066900,963526.4,797075.5,-3066.92,0.2939892665474061
490251067000,960475.2,799040.1,-4624.0,0.06186642814549791
490251067100,960944.6,799652.9,-4634.0,0.06037567084078712
490251067200,960373.5,800280.8,-4653.0,0.05754323196183661
490251067300,949989.8,803198.6,-4630.0,0.06097197376267144
490251067400,974295.0,793670.8,-2140.0,0.4321705426356589
490251067500,959684.5,799569.2,-4651.0,0.057841383422778773
490251067600,960265.8,798655.0,-4579.0,0.06857483601669648
490251067700,959717.3,798524.9,-4614.0,0.0633571854502087
490251067800,972577.0,792979.6,-2175.0,0.42695289206917114
490251067900,976086.9,793777.2,-2142.0,0.43187239117471676
490251068000,961558.3,798330.3,-4560.0,0.071407274895647
490251068100,961673.4,799160.9,-4557.0,0.07185450208706022
490251068200,961589.2,799681.2,-4625.0,0.061717352415026835
490251068300,961603.6,800316.6,-4585.0,0.06768038163387001
490251068400,962970.8,802372.1,-4407.0,0.09421586165772212
490251068600,966095.0,796147.3,-1965.0,0.4582587954680978
490251068700,964135.0,796408.5,-3231.51,0.2694528920691711
490251068800,959038.2,799810.5,-4666.0,0.05560524746571258
490251068900,958433.1,799739.5,-4637.0,0.05992844364937388
490251069000,958846.1,801680.4,-4662.0,0.0562015503875969
490251069100,960394.2,802881.2,-4524.0,0.07677400119260584
490251069200,973113.4,791992.7,-2208.0,0.4220333929636255
490251069300,975571.6,793442.6,-2188.0,0.4250149075730471
490251069400,967584.5,802463.1,-4303.0,0.10971973762671437
490251069500,966905.0,802358.4,-4211.0,0.12343470483005367
490251069600,968221.7,802994.8,-4204.0,0.12447823494335122
490251069700,967607.1,802998.6,-4068.0,0.14475253428741802
490251069800,966294.5,800931.8,-4468.0,0.08512224209898628
490251069900,964770.5,800942.8,-4366.0,0.10032796660703637
490251070000,964191.0,800953.3,-4412.0,0.09347048300536673
490251070100,964214.9,801610.9,-4404.0,0.09466308884913537
490251070200,965511.4,802189.0,-4293.0,0.11121049493142517
490251070300,964929.1,802235.8,-4297.0,0.11061419200954084
490251070400,963712.5,802362.6,-4412.0,0.09347048300536673
490251070500,962216.1,802285.2,-4420.0,0.09227787716159809
490251070600,961645.1,802273.6,-4469.0,0.08497316636851521
490251070700,961733.9,802774.0,-4401.0,0.09511031604054859
490251070800,965557.6,800946.8,-4375.0,0.09898628503279666
490251070900,972426.3,793725.5,993.0,0.8992248062015504
490251071100,961564.7,797665.9,-2984.0,0.30635062611806796
490251071400,957861.5,804060.2,-4519.0,0.07751937984496124
490251071500,957943.9,799797.7,-4629.0,0.06112104949314252
490251071600,957134.5,799786.0,-4693.0,0.05158020274299344
490251071700,958447.4,800974.2,-4682.0,0.053220035778175315
490251071800,960303.4,801555.9,-4612.0,0.06365533691115087
490251071900,957803.0,801630.2,-4707.0,0.04949314251639833
490251072000,956489.7,801679.4,-4728.0,0.046362552176505666
490251072100,957149.8,802323.2,-4683.0,0.05307096004770424
490251072200,959135.4,802954.3,-4611.0,0.06380441264162194
490251072300,957947.8,802924.3,-4638.0,0.0597793679189028
490251072400,956571.1,802930.1,-4652.0,0.057692307692307696
490251072500,953185.8,798605.6,-338.0,0.7008050089445438
490251072600,956070.6,801150.4,-1037.0,0.5966010733452594
490251072700,954444.9,801273.1,-4712.0,0.048747763864042934
490251072800,953789.4,801636.4,-4753.0,0.04263565891472868
490251072900,952529.4,803443.8,-1083.0,0.5897435897435898
490251073100,944416.6,800398.4,156.0,0.774448419797257
490251073200,961575.2,798989.9,-2106.0,0.4372391174716756
490251073300,970196.1,794473.2,-2107.0,0.4370900417412045
490251073400,942097.6,805311.8,-314.0,0.7043828264758497
490251073500,970076.5,792923.3,-2153.24,0.43019677996422184
490251073600,960941.4,799001.1,-3522.0,0.2261478831246273
490251073800,948129.4,807701.0,-4149.0,0.13267740011926057
490251073900,958820.7,798849.6,-2638.0,0.3579308288610614
490251074000,961100.1,800997.3,-4554.0,0.07230172927847346
490251074100,961059.4,802392.6,-4488.0,0.0821407274895647
490251074200,957127.8,803472.4,-4544.0,0.07379248658318426
490251074300,960487.4,798051.9,-2644.0,0.35703637447823494
490251074400,962235.6,800306.2,-4505.0,0.07960644007155634
490251074500,955867.7,799280.0,-775.0,0.6356589147286822
490251074700,954008.0,801156.4,-4705.0,0.04979129397734049
490251074900,955812.1,802388.7,-4714.0,0.04844961240310078
490251075000,951797.8,802570.4,-4718.0,0.04785330948121646
490251075100,955733.7,803747.6,-4632.0,0.060673822301729276
490251075200,954544.5,803498.5,-4659.0,0.056648777579010136
490251075300,953367.4,803767.6,-4643.0,0.059033989266547404
490251075400,951980.4,803817.7,-4662.0,0.0562015503875969
490251075500,955024.2,804324.3,-4583.0,0.06797853309481217
490251075600,952725.5,806432.9,-4352.0,0.10241502683363149
490251075700,950693.9,804568.7,-4568.0,0.07021466905187836
490251075800,950045.7,805151.4,-4481.0,0.08318425760286226
490251075900,948558.0,805150.7,-4462.0,0.08601669648181276
490251076000,947995.3,805004.2,-4453.0,0.08735837805605247
490251076100,948591.7,806492.0,-4320.0,0.10718545020870603
490251076200,948105.4,806464.3,-4293.0,0.11121049493142517
490251076300,950710.2,807772.4,-4176.0,0.12865235539654143
490251076400,950662.6,799037.2,-2231.0,0.4186046511627907
490251076500,950154.7,803898.1,-4583.0,0.06797853309481217
490251076600,968202.9,801049.7,-739.0,0.6410256410256411
490251076700,963123.6,795352.5,-2587.0,0.3655336911150865
490251076800,962868.3,800457.4,-4479.0,0.08348240906380441
490251076900,964919.8,800686.3,-904.0,0.6164281454979129
490251077000,962186.3,800672.4,-4536.0,0.07498509242695289
490251077100,965557.5,801448.6,-4378.0,0.09853905784138342
490251077200,963095.5,801404.0,-4411.0,0.0936195587358378
490251077300,961515.7,801603.8,-4491.0,0.08169350029815146
490251077400,961529.8,801756.2,-3410.0,0.2428443649373882
490251077600,958128.6,804727.7,577.0,0.8372093023255814
490251077700,955252.0,801751.5,-4737.0,0.04502087060226595
490251077800,953223.3,801982.6,367.0,0.8059033989266547
490251078000,966561.1,793397.2,-2562.0,0.36926058437686343
490251078100,967006.2,796184.8,-1015.0,0.5998807394156231
490251078200,965377.2,799116.6,-3842.0,0.17844364937388194
490251078300,954465.0,804787.7,-3598.0,0.2148181276088253
490251078400,952603.9,804449.9,-4615.0,0.06320810971973763
490251078600,960199.0,802702.0,-3611.0,0.21288014311270126
490251078700,954531.5,799027.4,-3721.0,0.19648181276088253
490251078800,956223.8,806336.0,-2367.0,0.3983303518187239
490251078900,950203.2,802164.2,-2921.0,0.315742397137746
490251079000,955635.6,800785.1,-2709.0,0.34734645199761477
490251079200,942200.7,806954.0,-3896.0,0.17039355992844366
490251079300,970871.2,794176.3,-2116.0,0.43574836016696483
490251079400,968710.9,794350.5,-2078.5,0.4413387000596303
490251079500,969250.2,794940.5,-1880.0,0.47093023255813954
490251079600,966989.7,794617.3,-2114.0,0.436046511627907
490251079700,968784.1,798096.0,-2554.0,0.37045319022063206
490251079800,970605.4,792820.6,-2109.0,0.4367918902802624
490251079900,963523.2,798358.0,-2023.0,0.4496124031007752
490251080200,958220.9,804792.9,-2494.0,0.3793977340488968
490251080300,958353.6,802112.6,-4666.0,0.05560524746571258
490251080400,958423.1,800941.4,-2855.0,0.32558139534883723
490251080500,958780.0,798496.4,-2511.0,0.3768634466308885
490251080600,955694.3,799425.4,-2525.0,0.3747763864042934
490251080700,953364.9,799920.9,-895.0,0.6177698270721527
490251080800,954547.3,800493.4,-4661.0,0.05635062611806798
490251081000,953241.2,801177.7,-4726.0,0.04666070363744782
490251081100,952582.0,801216.2,-4668.0,0.05530709600477042
490251081300,952728.5,801781.9,-4678.0,0.053816338700059634
490251081400,958828.5,801931.0,-4647.0,0.05843768634466309
490251081500,958623.5,801729.6,-4697.0,0.050983899821109124
490251081600,958677.2,801884.3,-4652.0,0.057692307692307696
490251081700,958358.2,802261.6,-4697.0,0.050983899821109124
490251081800,950587.9,802933.0,-2876.0,0.3224508050089445
490251081900,953296.0,805080.3,-2019.0,0.4502087060226595
490251082000,949135.5,802113.2,-2862.0,0.3245378652355397
490251082100,958560.2,801932.2,-4658.0,0.056797853309481214
490251082200,958157.5,801934.6,-4702.0,0.05023852116875373
490251082300,958100.9,801605.9,-4702.0,0.05023852116875373
490251082400,958716.7,802070.4,-4654.0,0.05739415623136553
490251082500,958259.2,802115.9,-4698.0,0.050834824090638046
490251082600,958221.7,802258.0,-4659.0,0.056648777579010136
490251082700,958299.5,801776.4,-4677.0,0.05396541443053071
490251082800,958407.7,801882.3,-4697.0,0.050983899821109124
490251082900,958660.9,801766.0,-4665.0,0.05575432319618366
490251083000,958625.2,802201.9,-4687.0,0.05247465712581992
490251083100,952685.3,800350.2,-1134.0,0.5821407274895647
490251083101,952685.3,800350.2,-2851.0,0.3261776982707215
490251083200,952335.4,805378.2,-4543.0,0.07394156231365534
490251083300,958304.3,801643.3,-4706.0,0.04964221824686941
490251083500,952440.3,805050.3,-4552.0,0.07259988073941562
490251083600,952387.4,805160.9,-4508.0,0.07915921288014312
490251083700,952175.1,805085.2,-4560.0,0.071407274895647
490251083800,952228.2,805104.7,-4509.0,0.07901013714967203
490251083900,952313.0,805169.4,-4506.0,0.07945736434108527
490251084000,952194.7,805281.6,-4528.0,0.07617769827072153
490251084100,952399.9,805500.3,-4516.0,0.07796660703637448
490251084200,952288.4,805421.1,-4499.0,0.08050089445438283
490251084300,952257.3,805523.8,-4517.0,0.0778175313059034
490251084400,952171.6,805572.4,-4507.0,0.07930828861061419
490251084500,970206.7,795763.0,-2004.0,0.4524448419797257
490251084600,964773.3,796127.1,-1949.0,0.4606440071556351
490251084700,952409.8,805313.4,-4499.0,0.08050089445438283
490251084800,971988.7,793489.1,-2196.0,0.4238223017292785
490251084900,969331.0,794269.8,-2061.0,0.4439475253428742
490251085000,956514.4,804585.2,-1962.0,0.45870602265951105
490251085100,957086.0,803898.0,-2036.0,0.4476744186046512
490251085300,950328.7,801042.3,-2038.0,0.447376267143709
490251085400,972937.6,790887.1,-2026.0,0.44916517590936195
490251085600,961881.9,800244.4,-2002.0,0.4527429934406679
490251085700,953393.1,802279.4,-4927.0,0.016696481812760882
490251085800,953560.0,802277.8,-4927.0,0.016696481812760882
490251086000,958251.2,801780.6,-4703.0,0.05008944543828265
490251086200,953646.6,802248.9,-4926.0,0.016845557543231963
490251086300,956689.1,798815.1,-1795.0,0.4836016696481813
490251086400,958926.8,797395.3,-1869.0,0.47257006559332143
490251086600,964445.2,802248.8,-1863.0,0.47346451997614786
490251086700,961870.7,803231.9,-1866.0,0.47301729278473464
490251086800,951536.5,799591.9,-1860.0,0.4739117471675611
490251086900,954105.6,801921.6,292.0,0.7947227191413238
490251087100,947657.9,802932.3,-1811.0,0.481216457960644
490251087200,952889.4,806233.8,-1778.0,0.4861359570661896
490251087300,950601.6,805815.1,-1794.0,0.48375074537865237
490251087400,960043.6,804780.0,-1758.0,0.4891174716756112
490251087500,948578.8,804993.3,-1856.0,0.47450805008944547
490251087600,949321.1,800387.3,-1786.0,0.484943351222421
490251087700,963311.1,801413.6,-1792.0,0.4840488968395945
490251087800,968627.4,799606.9,-1642.0,0.5064102564102564
490251088000,952064.7,802664.1,-2310.1899999999996,0.406799344066786
490251088100,965623.2,797644.9,-1953.0,0.46004770423375074
490251088200,950631.1,799402.6,-5039.0,0.0
490251088400,972594.5,792423.5,-1943.0,0.46153846153846156
490251088500,967375.9,796462.6,-1853.0,0.4749552772808587
490251088600,967817.4,798390.9,-1850.0,0.4754025044722719
490251088700,969728.3,800736.9,-1609.0,0.5113297555158021
490251088900,973548.7,795681.3,-1778.0,0.4861359570661896
490251089000,957196.8,801485.7,1254.0,0.9381335718545021
490251089100,955096.8,803070.2,-1412.0,0.5406976744186046
490251089400,958715.1,801764.9,-4680.0,0.05351818723911747
490251089500,958347.2,801794.8,-4677.0,0.05396541443053071
490251089600,958759.9,802075.3,-4649.0,0.05813953488372093
490251089700,962686.7,799070.6,-1649.0,0.5053667262969589
490251090100,954346.9,802253.4,-1999.0,0.4531902206320811
490251090200,955352.0,807354.2,1018.0,0.9029516994633273
490251090300,954497.7,799155.4,-1855.0,0.47465712581991654
490251090400,959275.4,800485.4,-3066.0,0.29412641621943947
490251090600,968535.1,797548.9,-1065.0,0.5924269528920691
490251090900,954546.1,802891.2,-3770.0,0.18917710196779963
490251091000,952696.7,799824.4,-2963.0,0.3094812164579606
490251091100,956429.0,806573.1,-2265.0,0.413536076326774
490251091200,954412.9,802871.6,-2920.0,0.31589147286821706
490251091300,952840.7,799914.8,-2963.0,0.3094812164579606
490251091400,963636.0,798452.9,-2620.0,0.36061419200954087
490251091600,955858.1,804122.8,653.0,0.8485390578413834
490251091700,952903.5,805200.5,694.0,0.8546511627906976
490251091900,961927.4,799590.4,-787.0,0.6338700059630292
490251092000,961020.7,800882.1,551.0,0.8333333333333334
490251092200,961381.2,800930.1,-1740.0,0.49180083482409065
490251092300,958556.3,800780.9,-2874.0,0.3227489564698867
490251092500,958214.0,801860.9,459.0,0.8196183661299941
490251092700,940043.2,807311.3,-1680.0,0.5007453786523554
490251092800,959372.1,802181.3,-2884.0,0.3212581991651759
490251093000,958382.6,802098.7,-4640.0,0.059481216457960645
490251093100,958068.9,802916.7,-4665.0,0.05575432319618366
490251093300,952183.0,805548.6,-4471.0,0.08467501490757305
490251093700,959461.0,801652.8,-1059.0,0.5933214072748957
490251093900,955296.2,803072.1,-1043.0,0.5957066189624329
490251094000,953908.2,802693.6,-4713.0,0.048598688133571856
490251094100,954836.7,803809.0,-4943.0,0.014311270125223614
490251094200,951720.3,800430.2,-3013.0,0.3020274299344067
490251094300,957858.9,802824.5,-1038.0,0.5964519976147883
490251094400,964533.4,800286.6,-993.0,0.6031604054859869
490251095000,959336.2,800371.8,-1047.0,0.5951103160405486
490251095100,963119.6,796964.9,-1128.0,0.5830351818723912
490251095400,958705.9,801820.1,-4681.0,0.05336911150864639
490251095500,958786.7,801730.0,-4698.0,0.050834824090638046
490251095600,952770.9,800653.3,-1134.0,0.5821407274895647
490251095700,952705.4,800697.6,-2920.0,0.31589147286821706
490251095900,947574.7,801909.8,-791.0,0.6332737030411449
490251096000,948333.3,804554.9,-2892.0,0.32006559332140727
490251096300,966781.7,799548.9,-934.0,0.6119558735837806
490251096500,967123.5,798492.7,-996.0,0.6027131782945736
490251096600,964098.1,799474.3,-1051.0,0.5945140131186643
490251096700,960639.7,799541.5,-3052.0,0.2962134764460346
490251096800,960630.8,800969.8,-3262.0,0.26490757304710794
490251096900,952060.5,801887.6,-3061.0,0.2948717948717949
490251097000,952904.9,802866.0,-4616.0,0.06305903398926654
490251097100,969666.7,793597.7,-1036.0,0.5967501490757304
490251097200,965517.2,794091.1,-1049.0,0.5948121645796064
490251097300,956620.6,803670.8,-1057.0,0.5936195587358378
490251097500,952066.5,805321.7,-4463.0,0.08586762075134168
490251097600,952593.4,805176.1,-4476.0,0.08392963625521765
490251097700,952318.3,804863.8,-4514.0,0.07826475849731664
490251097800,954218.1,802708.5,-4655.0,0.057245080500894455
490251097900,953689.5,802714.4,-3088.0,0.29084675014907574
490251098000,952968.1,801967.7,-4646.0,0.05858676207513417
490251098100,953461.7,802042.4,-4653.0,0.05754323196183661
490251098200,954194.2,801512.6,-4650.0,0.05799045915324985
490251098300,953648.8,801270.7,-4647.0,0.05843768634466309
490251098400,953088.5,801426.7,-4670.0,0.055008944543828264
490251098500,965145.6,797934.8,-2102.0,0.43783542039355994
490251098600,947714.6,804735.2,-2875.0,0.32259988073941565
490251098800,954207.8,801934.3,-4667.0,0.055456171735241505
490251098900,951972.8,805854.9,-4379.0,0.09838998211091235
490251099000,946074.0,805307.9,-3043.0,0.2975551580202743
490251099200,964186.1,800861.5,-1730.0,0.4932915921288014
490251099301,944391.4,806039.8,-2521.0,0.3753726893261777
490251099400,955893.9,801988.6,-4652.0,0.057692307692307696
490251099500,956037.9,801989.8,-4625.0,0.061717352415026835
490251099600,956251.1,802248.0,-4648.0,0.05828861061419201
490251099700,956489.8,801991.0,-4630.0,0.06097197376267144
490251099900,956220.9,801776.5,-4649.0,0.05813953488372093
490251100000,956068.2,801704.3,-4692.0,0.05172927847346452
490251100100,956254.2,801991.9,-4733.0,0.04561717352415027
490251100200,956022.9,802015.9,-4853.0,0.027728085867620753
490251100300,956029.8,802007.8,-4848.0,0.02847346451997615
490251100400,955550.0,801970.8,-4706.0,0.04964221824686941
490251100500,956084.1,802194.1,-4643.0,0.059033989266547404
490251100600,956289.3,801870.6,-4714.0,0.04844961240310078
490251100700,955568.2,801817.7,-4713.0,0.048598688133571856
490251100800,955646.3,801872.7,-4707.0,0.04949314251639833
490251100900,955658.4,801978.3,-4708.0,0.04934406678592725
490251101000,955493.0,801882.5,-4708.0,0.04934406678592725
490251101100,960072.9,799941.2,-3050.0,0.29651162790697677
490251101200,940475.9,804919.7,-211.0,0.7197376267143709
490251101600,970988.4,792418.4,-1901.0,0.4677996422182469
490251101700,953758.6,804172.8,-4547.0,0.07334525939177101
490251101800,954203.8,801204.5,-3001.0,0.30381633870005964
490251101900,968522.6,803676.9,-550.0,0.6692009540846751
490251102000,966559.8,799263.6,-3248.0,0.26699463327370304
490251102100,959568.3,803340.6,-1793.0,0.48389982110912344
490251102200,953214.1,804476.1,-1106.0,0.5863148479427549
490251102300,950098.2,804917.8,-1080.3999999999996,0.5901311866428146
490251102400,953882.8,804164.4,-4544.3,0.0737477638640429
490251102500,956352.4,801987.0,-4674.0,0.054412641621943945
490251102700,950765.1,801632.6,-1225.0,0.5685748360166964
490251103200,963093.1,800342.2,-2087.0,0.4400715563506261
490251103300,960434.0,802464.1,-1780.0,0.4858378056052475
490251103400,960602.2,799908.2,-3031.0,0.29934406678592723
490251103500,958385.1,801934.4,-4791.0,0.03697078115682767
490251103800,960027.7,805239.8,-4312.0,0.10837805605247466
490251103900,961335.4,805326.2,-4216.0,0.12268932617769827
490251104000,960662.9,805282.7,-4296.0,0.11076326774001193
490251104100,962014.4,805235.7,-4210.0,0.12358378056052474
490251104200,958860.9,803732.7,-1827.0,0.47883124627310675
490251104300,949647.0,802708.1,-2040.0,0.44707811568276684
490251104400,953842.4,799941.6,-1804.0,0.48225998807394155
490251104500,957693.4,804114.7,-2756.0,0.34033989266547404
490251104600,955089.5,804196.9,-1881.0,0.47078115682766847
490251104700,953843.4,804561.6,-1831.0,0.4782349433512224
490251104800,962896.1,801193.4,-3419.0,0.24150268336314848
490251104900,955423.6,802299.3,446.0,0.81768038163387
490251105000,954409.8,804261.1,-3043.0,0.2975551580202743
490251105200,962962.2,801174.2,-2806.0,0.3328861061419201
490251105300,966351.1,799044.7,-1859.0,0.4740608228980322
490251105400,953386.7,804540.6,-1835.5,0.4775641025641026
490251105500,949808.9,802493.5,-3069.0,0.29367918902802626
490251105600,968302.1,796769.7,-2860.3,0.32479129397734047
490251105700,951790.7,808032.6,-4125.0,0.1362552176505665
490251105800,951749.4,807367.5,-4259.0,0.11627906976744186
490251106000,951007.1,807941.4,-4133.0,0.13506261180679785
490251106100,962079.3,804649.3,-4260.0,0.11612999403697079
490251106200,955006.9,799665.2,-2389.0,0.39505068574836016
490251106300,961784.5,797528.3,-1901.0,0.4677996422182469
490251106500,954625.4,804221.1,-1136.8000000000002,0.5817233154442456
490251106600,951027.7,807317.8,-4221.0,0.12194394752534288
490251106700,960754.9,804641.7,-4287.0,0.11210494931425163
490251106800,961273.3,805771.8,-4201.0,0.12492546213476446
490251106900,960157.2,805883.5,-4234.0,0.12000596302921884
490251107000,958213.4,805323.6,-920.0,0.6140429338103757
490251107100,956387.4,804204.5,-1846.0,0.47599880739415623
490251107200,961519.4,799394.6,-1997.0,0.45348837209302323
490251107300,969489.7,796887.7,-1865.0,0.4731663685152057
490251107400,952264.7,800056.2,-2888.0,0.3206618962432916
490251107500,954360.2,805379.6,-2775.0,0.3375074537865236
490251107600,955035.9,802693.3,-3002.0,0.30366726296958857
490251107700,954757.1,800138.6,-2956.0,0.3105247465712582
490251107800,954109.5,800032.5,-2795.0,0.334525939177102
490251107900,956080.6,800834.6,-4648.0,0.05828861061419201
490251108000,951527.3,802026.6,-3137.0,0.28354203935599287
490251108100,952165.9,802924.8,-2891.0,0.32021466905187834
490251108200,951425.6,803255.4,-4600.0,0.06544424567680382
490251108300,954325.5,803854.2,-4594.0,0.06633870005963029
490251108400,953230.5,803507.7,-4617.0,0.06290995825879547
490251108500,952053.6,805024.5,-2859.0,0.3249850924269529
490251108600,954932.0,806000.9,-3179.0,0.2772808586762075
490251108700,952225.7,801591.7,-4656.0,0.05709600477042338
490251108800,951037.8,802131.1,-3211.8,0.2723911747167561
490251108900,952940.4,804695.4,-2894.0,0.31976744186046513
490251109000,961476.8,801129.3,-2852.8,0.32590936195587356
490251109100,959951.6,802724.8,-2003.0,0.4525939177101968
490251109200,957637.8,803808.1,-2002.0,0.4527429934406679
490251109300,954268.4,800780.1,-3098.0,0.2893559928443649
490251109400,953625.6,800799.8,-4658.0,0.056797853309481214
490251109500,955427.0,801337.4,-4653.0,0.05754323196183661
490251109600,955591.4,802699.6,-2927.0,0.3148479427549195
490251109700,954795.4,804649.4,-2759.0,0.33989266547406083
490251109800,952289.3,804691.0,-4550.0,0.07289803220035779
490251109900,954211.5,804798.1,-2762.0,0.33944543828264756
490251110000,958015.4,799378.3,-2070.0,0.4426058437686345
490251110100,954758.7,800998.1,-2990.0,0.3054561717352415
490251110200,966203.1,800401.7,-1966.8000000000002,0.4579904591532498
490251110300,973849.2,792860.3,-2133.0,0.43321407274895646
490251110400,967485.9,797873.2,-3002.0,0.30366726296958857
490251110500,961203.3,801666.2,-2575.8,0.3672033392963625
490251110600,961708.1,801030.9,-2743.8,0.3421586165772212
490251110700,952199.4,805171.6,-1956.0,0.45960047704233753
490251110800,950062.9,804597.0,-1995.0,0.4537865235539654
490251110900,967479.5,795040.6,-2098.0,0.4384317233154442
490251111100,955960.9,801868.0,-2740.0,0.34272510435301135
490251111200,961417.1,800024.1,-2029.5,0.4486434108527132
490251111300,949515.4,803933.2,-3640.3999999999996,0.2084973166368516
490251111400,963977.9,795856.8,-3278.8,0.2624031007751938
490251111500,967484.8,797792.1,-2061.0,0.4439475253428742
490251111600,948572.5,803917.8,-2981.0,0.3067978533094812
490251111700,955229.3,800071.3,-2966.0,0.3090339892665474
490251111800,961070.0,801717.4,-1991.0,0.4543828264758497
490251111900,973528.4,793652.0,-2098.8,0.43831246273106733
490251112000,974956.4,793487.1,-2134.0,0.4330649970184854
490251112100,956657.3,804267.1,-1980.0,0.4560226595110316
490251112200,955880.7,803992.8,-4715.0,0.04830053667262969
490251112300,956029.3,801590.3,1335.0,0.9502087060226595
490251112500,954242.4,806007.7,-2880.0,0.32185450208706023
490251112600,955675.6,806634.7,-2674.0,0.3525641025641026
490251112700,955541.2,806084.7,-2688.0,0.3504770423375074
490251112800,956841.6,802614.4,-4632.0,0.060673822301729276
490251112900,954287.5,803333.6,-4632.0,0.060673822301729276
490251113000,956079.0,803412.7,-4614.0,0.0633571854502087
490251113100,954810.3,803984.5,-4618.0,0.06276088252832439
490251113200,954845.4,803273.6,-4618.0,0.06276088252832439
490251113300,955595.1,803415.1,-4607.0,0.06440071556350627
490251113400,968358.5,796857.6,-1895.0,0.46869409660107336
490251113500,949788.1,802602.5,-3068.0,0.2938282647584973
490251113600,952305.8,799887.0,-2869.0,0.32349433512224207
490251113700,956299.3,806684.4,-4202.0,0.12477638640429338
490251113800,962844.0,801111.6,-1724.0,0.4941860465116279
490251114000,948951.7,804965.0,-3670.0,0.20408467501490757
490251114100,951140.3,804294.9,-3206.0,0.27325581395348836
490251114200,949030.2,804950.9,-2971.0,0.308288610614192
490251114300,952326.8,802110.2,-4670.0,0.055008944543828264
490251114400,951566.3,801560.3,-3127.0,0.28503279666070364
490251114500,951572.2,802753.9,-3161.0,0.27996422182468694
490251114600,954974.9,801468.3,-3519.0,0.22659511031604054
490251114700,953572.7,803357.6,-2914.0,0.31678592725104354
490251114800,951727.2,804826.0,-2966.0,0.3090339892665474
490251114900,950343.7,802904.6,-3025.0,0.3002385211687537
490251115000,961481.6,802606.7,-4422.0,0.09197972570065593
490251115100,950855.1,803591.8,-3123.0,0.285629099582588
490251115200,951642.8,804252.0,-2996.0,0.30456171735241505
490251115300,955549.6,802298.1,-4725.0,0.0468097793679189
490251115400,955561.7,800793.6,-4691.0,0.0518783542039356
490251115500,955691.7,801677.0,-4658.0,0.056797853309481214
490251115600,956102.8,804635.8,-3003.0,0.3035181872391175
490251115700,957553.6,801426.7,-4670.0,0.055008944543828264
490251115800,966995.2,797015.5,-2096.0,0.4387298747763864
490251115900,950621.7,802215.8,-3929.0,0.16547406082289803
490251116000,948159.9,804007.6,-3609.0,0.2131782945736434
490251116100,948613.1,802510.6,-1038.0,0.5964519976147883
490251116101,948613.1,802510.6,-2985.0,0.3062015503875969
490251116200,960656.2,801252.2,-4589.0,0.06708407871198568
490251116300,956224.4,801640.2,-4692.0,0.05172927847346452
490251116400,956255.6,802359.4,-4658.0,0.056797853309481214
490251116500,955352.7,801994.3,-4726.0,0.04666070363744782
490251116600,951051.8,803027.8,-4607.0,0.06440071556350627
490251116700,961865.3,800524.4,-4514.0,0.07826475849731664
490251116800,958843.9,804670.7,-4420.0,0.09227787716159809
490251116900,956082.1,802361.1,-2833.0,0.32886106141920096
490251117000,950449.8,804099.5,-4540.0,0.07438878950506858
490251117700,956073.6,802386.8,-4704.0,0.04994036970781157
490251117800,956512.5,801996.7,-3457.0,0.23583780560524747
490251117900,951457.7,804602.2,-2976.0,0.30754323196183664
490251118000,946961.3,804942.4,-2826.6000000000004,0.3298151460942158
490251118100,973327.5,794161.2,-2076.6000000000004,0.4416219439475253
490251118200,967466.0,799094.9,-3920.0,0.16681574239713776
490251118300,965533.5,800865.4,-1937.0,0.462432915921288
490251118400,955618.5,800093.8,-3105.0,0.28831246273106736
490251118700,949595.4,802153.0,-3795.0,0.18545020870602266
490251118800,950855.0,801303.7,-3060.5,0.2949463327370304
490251118900,951716.0,800110.4,-3043.0,0.2975551580202743
490251119000,958090.7,799972.3,-3164.0,0.27951699463327373
490251119100,968795.5,792749.6,-3111.6000000000004,0.28732856290995823
490251119200,968229.5,797988.4,-2010.0,0.45155038759689925
490251119300,950102.1,802878.2,-2150.0,0.43067978533094814
490251119400,963564.6,795616.1,-2926.6000000000004,0.31490757304710787
490251119600,972681.1,793599.3,-2091.0,0.4394752534287418
490251119700,966601.6,793622.6,-3028.6000000000004,0.2997018485390578
490251119800,948190.9,802026.1,-2893.0,0.3199165175909362
490251119900,961005.3,798802.7,-3711.6000000000004,0.1978831246273106
490251120000,968776.4,796175.4,-3052.6000000000004,0.29612403100775186
490251120100,948468.3,802987.6,-2986.6000000000004,0.3059630292188431
490251120200,963403.2,800521.0,-3168.6000000000004,0.2788312462731067
490251120300,961391.1,798582.9,-2002.0,0.4527429934406679
490251120400,950342.8,802591.5,-2992.0,0.30515802027429934
490251120600,951245.8,800428.0,-1993.0,0.45408467501490757
490251120700,954328.8,801148.6,453.0,0.8187239117471675
490251120800,954972.9,802356.9,-4713.0,0.048598688133571856
490251120900,956898.2,801665.4,-4716.0,0.048151460942158615
490251121100,954961.2,801991.8,-4734.0,0.04546809779367919
490251121200,954969.3,802333.7,-4800.0,0.035629099582587954
490251121300,955056.8,802685.3,-4759.0,0.04174120453190221
490251121400,956852.4,801300.1,-4790.0,0.03711985688729875
490251121500,956852.4,801276.1,-4698.0,0.050834824090638046
490251121600,956896.5,801643.1,-4782.0,0.03831246273106738
490251121700,956992.8,802055.2,-4710.0,0.04904591532498509
490251121800,956994.0,802073.6,-4710.0,0.04904591532498509
490251121900,957060.3,802604.4,-4687.0,0.05247465712581992
490251122000,957060.3,802577.0,-4687.0,0.05247465712581992
490251122100,956684.8,802482.0,-4749.0,0.043231961836613
490251122200,956686.3,802504.4,-4682.0,0.053220035778175315
490251122300,949139.3,803221.1,-3034.6000000000004,0.2988073941562313
490251122400,955321.0,802703.9,-3954.2,0.16171735241502685
490251122500,954789.8,801695.7,-4707.0,0.04949314251639833
490251122600,954981.3,803005.5,-4678.2,0.05378652355396544
490251122700,954031.5,802044.4,-4739.0,0.044722719141323794
490251122800,955023.4,801730.5,-3217.0,0.2716159809183065
490251122900,956590.9,802636.2,-4671.0,0.054859868813357186
490251123000,957248.9,802094.8,-4658.0,0.056797853309481214
490251123100,956742.4,802941.0,-4628.0,0.061270125223613595
490251123200,957001.1,802952.5,-4641.0,0.05933214072748957
490251123300,956743.4,801073.3,-4695.0,0.05128205128205128
490251123400,956753.0,801956.3,-4704.0,0.04994036970781157
490251123500,956658.1,801411.3,-4690.6,0.051937984496123975
490251123600,956965.9,801106.8,-4677.0,0.05396541443053071
490251123700,957241.2,802670.7,-4646.0,0.05858676207513417
490251123800,963555.7,795112.5,-2874.6000000000004,0.322659511031604
490251123900,957321.0,801523.0,-2844.0,0.32722122838401907
490251124000,960259.6,803991.8,-4480.0,0.08333333333333333
490251124100,957371.5,800830.3,-4703.0,0.05008944543828265
490251124200,959996.1,803166.7,-4548.0,0.07319618366129994
490251124300,955533.5,804085.7,-3075.6000000000004,0.29269528920691706
490251124400,946562.9,806481.0,-2586.6000000000004,0.36559332140727485
490251124500,949988.5,800387.9,-2944.0,0.31231365533691113
490251124600,953660.9,806140.6,-2832.0,0.32901013714967203
490251124700,966045.3,800487.6,-4496.0,0.08094812164579607
490251124800,955438.8,801676.0,-3139.5,0.28316935002981514
490251125000,954808.9,802240.1,-3125.0,0.2853309481216458
490251125100,954808.9,802522.3,-4687.0,0.05247465712581992
490251125200,961961.5,802539.5,-4367.0,0.1001788908765653
490251125300,956214.9,806058.1,-2562.5,0.3691860465116279
490251125400,955821.7,807230.8,-2610.5,0.3620304114490161
490251125500,948790.3,800423.4,-2712.0,0.34689922480620156
490251125600,960676.0,803815.4,-4409.0,0.09391771019677997
490251125700,955389.5,802337.3,-4694.0,0.05143112701252236
490251125800,955815.4,802703.9,-4669.0,0.05515802027429934
490251125900,962035.2,803933.4,-2707.0,0.34764460345855697
490251126000,962089.3,803222.3,-4283.0,0.11270125223613596
490251126100,947937.5,802747.3,-3095.0,0.2898032200357782
490251126200,955459.6,803032.2,-3187.0,0.2760882528324389
490251126300,956426.5,802971.9,-4659.0,0.056648777579010136
490251126400,956261.9,803032.5,-3116.0,0.28667262969588553
490251126500,959469.1,804031.9,-2943.0,0.3124627310673822
490251126600,956220.0,802690.2,-4653.0,0.05754323196183661
490251126700,956241.7,802690.2,-4651.0,0.057841383422778773
490251126800,956034.3,802672.8,,
490251126900,956066.2,802670.8,-4661.0,0.05635062611806798
490251127000,955615.6,802699.8,-2929.8,0.3144305307096005
490251127100,956034.5,803053.0,-3115.0,0.2868217054263566
490251127200,955672.4,803057.9,-3123.0,0.285629099582588
490251127300,960011.1,802063.0,-2914.0,0.31678592725104354
490251127400,943140.8,806389.8,-2345.0,0.4016100178890877
490251127500,963394.4,802449.7,-2767.0,0.3387000596302922
490251127600,960703.0,802587.5,-4518.0,0.07766845557543232
490251127700,956273.6,803928.7,-3045.0,0.2972570065593321
490251127800,946597.4,804216.6,-2796.0,0.33437686344663087
490251127900,950374.1,804857.6,-2988.0,0.3057543231961837
490251128000,949766.3,804905.6,-2988.0,0.3057543231961837
490251128100,958311.6,803236.9,-2769.0,0.33840190816935
490251128200,955191.0,802126.6,-4694.0,0.05143112701252236
490251128300,954846.8,802997.6,-4659.0,0.056648777579010136
490251128400,957574.3,802419.1,-4644.0,0.058884913536076326
490251128500,957391.8,802346.9,-4688.0,0.05232558139534884
490251128600,956746.1,802362.1,-4673.0,0.05456171735241502
490251128700,957774.5,802682.8,-4624.0,0.06186642814549791
490251128800,957072.8,801320.3,-4700.0,0.050536672629695883
490251128900,957140.2,801922.6,-4695.0,0.05128205128205128
490251129000,956693.2,801679.0,-4717.0,0.04800238521168754
490251129100,958133.3,803041.1,-4586.0,0.06753130590339892
490251129200,957582.0,803080.6,-4591.0,0.06678592725104353
490251129300,957724.3,803219.7,-4727.0,0.046511627906976744
490251129400,957383.4,802974.2,-4585.0,0.06768038163387001
490251129500,958468.0,803413.7,-4561.0,0.07125819916517591
490251129600,958375.7,803765.3,-4551.0,0.0727489564698867
490251129700,957896.6,803422.8,-4547.0,0.07334525939177101
490251129800,958132.1,803619.0,-4545.0,0.07364341085271318
490251129900,962638.5,803881.2,-2704.0,0.3480918306499702
490251130000,957431.9,802563.3,-4694.0,0.05143112701252236
490251130100,957411.6,802566.1,-4695.0,0.05128205128205128
490251130200,957649.2,802836.0,-4653.0,0.05754323196183661
490251130300,957631.4,802827.5,-4633.0,0.0605247465712582
490251130400,957965.3,803185.0,-4680.0,0.05351818723911747
490251130500,957979.8,803169.1,-4623.0,0.06201550387596899
490251130600,958247.1,803534.3,-4599.0,0.06559332140727489
490251130700,958263.8,803548.5,-4589.0,0.06708407871198568
490251130800,958029.6,803355.2,-4614.0,0.0633571854502087
490251130900,958045.6,803337.3,-4615.0,0.06320810971973763
490251131000,945122.0,805810.1,,
490251131100,945516.4,805015.8,-2559.0,0.3697078115682767
490251131200,970608.1,790989.0,,
490251131300,969241.9,790999.0,-2089.8999999999996,0.43963923673226
490251131400,969237.4,791654.8,-2121.2700000000004,0.43496273106738215
490251131500,953802.8,801415.7,-4737.0,0.04502087060226595
490251131600,953939.9,801801.7,-4723.0,0.04710793082886106
490251131700,954042.0,801897.2,-4740.0,0.044573643410852716
490251131800,953467.7,801467.4,-4736.0,0.04516994633273703
490251131900,953502.0,801856.4,-4727.0,0.046511627906976744
490251132000,954381.0,802419.5,-4714.0,0.04844961240310078
490251132100,954454.1,802693.8,-4723.0,0.04710793082886106
490251132200,953684.0,802166.5,-4727.0,0.046511627906976744
490251132300,953942.4,802594.0,-4728.0,0.046362552176505666
490251132400,954363.0,803110.7,-4716.0,0.048151460942158615
490251132500,954101.9,802909.5,-4710.0,0.04904591532498509
490251132600,954187.6,803130.3,-4691.0,0.0518783542039356
490251132700,956936.8,801868.8,-4709.0,0.049194991055456175
490251132900,957009.7,802386.4,-4700.0,0.050536672629695883
490251133000,957093.6,801670.6,-4701.6,0.0502981514609421
490251133100,954302.7,802892.8,-4713.0,0.048598688133571856
490251133200,953655.1,801579.3,-4743.0,0.044126416219439475
490251133300,953711.2,801519.5,-4744.0,0.0439773404889684
490251133400,953907.2,801910.8,-4717.0,0.04800238521168754
490251133500,953898.8,801949.8,-4716.0,0.048151460942158615
490251133600,953980.2,802312.3,-4750.0,0.04308288610614192
490251133700,953964.3,802332.3,-4750.0,0.04308288610614192
490251133800,954161.0,802543.5,-4717.0,0.04800238521168754
490251133900,954144.7,802559.2,-4717.0,0.04800238521168754
490251134000,954328.3,802889.8,-4713.0,0.048598688133571856
490251134100,961175.6,801710.4,-4788.1,0.037403100775193744
490251134200,958423.9,801717.3,-4767.8,0.04042933810375668
490251134300,958336.8,801591.5,-4766.0,0.040697674418604654
490251134400,958714.0,801940.2,-4740.0,0.044573643410852716
490251134500,958360.6,801852.3,-4774.0,0.039505068574836016
490251134600,958381.6,802041.2,-4762.8,0.041174716756112076
490251134700,958459.3,802055.0,-4737.0,0.04502087060226595
490251134900,950589.9,803092.7,-2219.0,0.4203935599284436
490251135000,959609.6,799046.7,-2156.75,0.4296735241502683
490251135100,956866.3,801511.3,-4720.3,0.04751043530113295
490251135300,964220.5,799600.7,-2178.6000000000004,0.4264162194394752
490251135400,964203.3,798944.2,-2207.8999999999996,0.4220483005366727
490251135500,964859.8,796299.6,-2241.0,0.4171138938580799
490251135600,966152.8,796298.2,-2250.7,0.4156678592725105
490251135700,954073.1,800340.7,-2177.0,0.426654740608229
490251135800,946010.8,804130.2,-1963.6999999999998,0.4584525939177102
490251135900,974215.4,795783.5,-2111.3,0.4364490161001789
490251136000,966808.4,797581.7,-2196.5,0.42374776386404295
490251136600,958468.8,803526.5,-2763.0,0.3392963625521765
490251136800,958629.8,798899.4,-2996.6000000000004,0.30447227191413234
490251136900,961146.3,800183.6,,
490251137000,953547.5,799003.5,-2688.0,0.3504770423375074
490251137100,964935.3,796662.4,-3199.6000000000004,0.2742098986285032
490251137200,969958.8,791594.9,-4039.33,0.14902653548002387
490251137400,974514.6,792152.0,-2060.6000000000004,0.44400715563506254
490251137700,942187.8,806222.4,-3990.0,0.1563804412641622
490251143800,972599.6,792891.4,-2239.8,0.41729278473464515
490251143900,974010.7,792187.2,-2303.0,0.407871198568873
490251144000,973966.8,793506.1,-2092.8999999999996,0.4391920095408468
490251144100,971673.1,798218.9,-2206.38,0.42227489564698867
490251144200,967008.2,795304.9,-2028.67,0.44876714370900417
490251144300,971266.6,790782.7,-2220.25,0.4202072152653548
490251144400,971362.4,790399.1,-2223.58,0.4197107930828861
490251144500,972575.1,790893.7,-2281.0,0.4111508646392367
490251144600,950390.3,801121.2,-4380.0,0.09824090638044126
490251144900,970672.2,793573.2,-2159.26,0.4292993440667859
490251145000,973974.4,790862.9,-2664.0,0.35405485986881335
490251145200,974004.0,791586.7,-2122.75,0.434742098986285
490251145900,969048.9,801364.9,-2390.0,0.3949016100178891
490251146100,962664.6,798593.7,-2931.6000000000004,0.31416219439475246
490251146200,964146.3,801123.5,-2130.7200000000003,0.4335539654144305
490251147800,941982.7,807877.2,-2216.6000000000004,0.4207513416815742
490251150000,955854.8,798992.7,,
490252244500,954537.9,803206.5,-4681.0,0.05336911150864639
490252244600,955070.1,803616.1,-4620.0,0.06246273106738223
490252244700,956124.4,802873.6,-4667.0,0.055456171735241505
490252244800,956488.1,802586.9,-4678.0,0.053816338700059634
490252244900,952833.0,801515.9,-4963.0,0.011329755515802028
490252245000,953088.5,802260.0,-4964.0,0.011180679785330949
490252245100,954243.0,802952.2,-4945.0,0.014013118664281454
490252245200,954263.4,803245.9,-4935.0,0.015503875968992248
490252245300,953054.4,802004.2,-4988.0,0.007602862254025045
490252245400,955115.2,803872.4,-4888.0,0.022510435301132975
490252245500,954581.9,803524.5,-4905.0,0.01997614788312463
490252245600,952857.0,801828.0,-4938.0,0.01505664877757901
490252245700,953945.7,802970.3,-4862.0,0.026386404293381037
490252245800,952342.0,801220.4,-4946.0,0.013864042933810376
490252245900,952726.9,801268.2,-4947.0,0.013714967203339297
490252246000,952565.1,800907.3,-5025.0,0.0020870602265951103
490252246100,952260.5,800576.0,-3104.0,0.28846153846153844
490252246200,952683.8,801530.5,-4964.0,0.011180679785330949
490252246300,952547.1,800888.2,-4948.0,0.013565891472868217
490252246400,952587.3,800910.0,-5006.0,0.004919499105545617
490252246500,953106.6,801806.5,-4975.0,0.009540846750149075
490252247100,952285.7,803996.3,-3093.0,0.29010137149672033
490252247200,956864.8,804617.7,-4478.0,0.0836314847942755
490252247400,958236.2,802613.9,-4640.0,0.059481216457960645
490252247500,951651.5,803412.8,-4653.0,0.05754323196183661
490252247600,961318.3,804640.6,-4290.0,0.11165772212283841
490252247700,949851.3,806105.1,-2780.0,0.33676207513416817
490252247800,962732.5,804591.6,-2458.0,0.3847644603458557
490252247900,947412.9,805068.9,-4414.0,0.09317233154442457
490252248000,962631.4,803174.4,-4298.0,0.11046511627906977
490252248100,961980.6,805825.4,-2439.0,0.3875968992248062
490252248200,958197.2,807244.1,-2389.0,0.39505068574836016
490252248300,959493.7,805831.1,-4251.0,0.1174716756112105
490252248400,964049.7,803941.4,-2509.0,0.37716159809183064
490252248500,956391.9,807294.6,-2483.0,0.3810375670840787
490252248600,967404.4,803078.3,-2465.2,0.383691115086464
490252248700,964603.5,801905.6,-4317.0,0.10763267740011927
490252249300,957391.9,802816.1,-4626.0,0.06156827668455576
490252249400,958206.1,803732.8,-4524.0,0.07677400119260584
490252249600,949146.9,807366.4,-4110.0,0.13849135360763268
490252249700,950919.9,805552.6,-2808.0,0.33258795468097796
490252249800,957799.2,803353.3,-4611.0,0.06380441264162194
490252249900,958865.9,803368.6,-2879.0,0.3220035778175313
490252250100,963370.1,803986.0,-2595.0,0.3643410852713178
490252250200,965912.2,802602.3,-2678.0,0.35196779964221825
490252250300,961481.9,803136.1,-4394.0,0.09615384615384616
490252250400,957387.0,802157.5,-4688.0,0.05232558139534884
490252250500,960552.4,802660.9,-4545.0,0.07364341085271318
490252250600,960024.0,803366.0,-4485.0,0.08258795468097793
490252250700,960305.6,802038.3,-4575.0,0.0691711389385808
490252250800,960173.2,802426.1,-4555.0,0.07215265354800239
490252250900,960284.8,803246.4,-4532.0,0.0755813953488372
490252251000,959962.4,802850.5,-4552.0,0.07259988073941562
490252251100,959856.8,803146.1,-4531.0,0.07573047107930829
490252251200,959630.7,802700.7,-4605.0,0.06469886702444842
490252251300,959824.8,802222.7,-4573.0,0.06946929039952296
490252251400,960405.3,801737.1,-4605.0,0.06469886702444842
490252251500,960122.8,801712.4,-4607.0,0.06440071556350627
490252251600,960564.6,802298.4,-4550.0,0.07289803220035779
490252251700,959816.2,802788.5,-4552.0,0.07259988073941562
490252251800,960155.5,803095.6,-4520.0,0.07737030411449015
490252251900,960022.4,802373.9,-4535.0,0.07513416815742398
490252252000,960191.1,801924.7,-4585.0,0.06768038163387001
490252252100,960353.6,802604.7,-4594.0,0.06633870005963029
490252252200,959782.7,802798.8,-4549.0,0.07304710793082886
490252252300,960166.1,803069.7,-4523.0,0.07692307692307693
490252252400,959963.4,802376.6,-4535.0,0.07513416815742398
490252252500,960189.0,801894.3,-4625.0,0.061717352415026835
490252252600,960334.4,802591.2,-4596.0,0.06604054859868813
490252252700,953457.7,802255.4,-4752.0,0.04278473464519976
490252252800,953648.5,802419.8,-4724.0,0.046958855098389984
490252252900,954245.7,802106.0,-4719.0,0.04770423375074538
490252254100,956312.8,803355.1,-4640.0,0.059481216457960645
490252254200,956657.5,803732.3,-4611.0,0.06380441264162194
490252254300,957345.6,803542.1,-4609.0,0.0641025641025641
490252254400,957072.4,803247.2,-4637.0,0.05992844364937388
490252254500,956814.4,803275.0,-4642.0,0.05918306499701848
490252254600,956850.8,803701.2,-4570.0,0.0699165175909362
490252254700,956985.6,803593.1,-4601.0,0.06529516994633273
490252254800,957265.7,803847.4,-4561.0,0.07125819916517591
490252254900,956502.4,803820.2,-4573.0,0.06946929039952296
490252255000,956300.6,803594.9,-4569.0,0.07006559332140727
490252255100,957269.9,803161.6,-4595.0,0.06618962432915922
490252255200,957389.1,803250.4,-4609.0,0.0641025641025641
490252255300,957587.1,803432.8,-4602.0,0.06514609421586166
490252255400,957580.0,803722.8,-4578.0,0.06872391174716756
490252255500,956630.2,803116.0,-4694.0,0.05143112701252236
490252255600,956943.0,803239.5,-4624.0,0.06186642814549791
490252255700,956596.1,803449.1,-4607.0,0.06440071556350627
490252255800,956236.7,803230.2,-4687.0,0.05247465712581992
490252255900,956677.7,803971.2,-4576.0,0.06902206320810972
490252256100,957346.9,803558.8,-4614.0,0.0633571854502087
490252256200,956661.2,803712.0,-4611.0,0.06380441264162194
490252256300,956310.0,803374.9,-4739.0,0.044722719141323794
490252256400,957063.3,803265.4,-4637.0,0.05992844364937388
490252256800,956825.2,803248.7,-4645.0,0.05873583780560525
490252256900,954415.2,801837.2,-4720.0,0.047555158020274296
490252257000,954674.9,802178.0,-4707.0,0.04949314251639833
490252257100,954485.2,801990.2,-4742.0,0.04427549194991055
490252257200,955686.7,803287.8,-4633.0,0.0605247465712582
490252257300,955201.6,803223.2,-4654.0,0.05739415623136553
490252257400,956053.0,803744.5,-4629.0,0.06112104949314252
490252257500,955904.0,803466.3,-4686.0,0.052623732856290996
490252257600,955510.9,803730.1,-4586.0,0.06753130590339892
490252257700,955395.3,803434.1,-4692.0,0.05172927847346452
490252257800,955205.2,803373.8,-4648.0,0.05828861061419201
490252257900,954981.8,803435.6,-4630.0,0.06097197376267144
490252258000,954622.4,803908.6,-4613.0,0.06350626118067978
490252258100,954611.7,803724.4,-4641.0,0.05933214072748957
490252258300,954310.4,803685.3,-4647.0,0.05843768634466309
490252258400,955908.1,803426.3,-4635.0,0.06022659511031604
490252258500,954964.2,803765.3,-4638.0,0.0597793679189028
490252258600,954465.1,801998.3,-4778.0,0.0389087656529517
490252258700,954618.1,803745.5,-4641.0,0.05933214072748957
490252258800,955398.2,803412.6,-4644.0,0.058884913536076326
490252258900,954975.2,803456.4,-4630.0,0.06097197376267144
490252263400,964994.8,804880.9,-4114.0,0.13789505068574837
490252263500,965629.9,803531.8,-4166.0,0.13014311270125223
490252263600,970034.7,791378.1,-3679.0,0.20274299344066785
490252263800,947219.9,807919.8,-4124.0,0.13640429338103757
490252264000,956085.0,803549.1,-4615.0,0.06320810971973763
490252264100,951277.1,801755.2,-4679.0,0.05366726296958855
490252264200,959466.5,804699.0,-2279.0,0.41144901610017887
490252264300,961249.9,804033.9,-4412.0,0.09347048300536673
490252264500,961263.3,806156.4,-1602.0,0.5123732856290996
490252264600,960594.3,801881.5,-4520.0,0.07737030411449015
490252264900,960484.0,802778.2,-4512.0,0.07856290995825879
490252265000,943850.3,808364.4,-2223.0,0.41979725700655934
490252265100,968785.0,790280.5,-3203.0,0.2737030411449016
490252265200,945271.5,803980.8,-4226.0,0.12119856887298748
490252265300,964654.2,797666.9,-4488.0,0.0821407274895647
490252265400,959922.4,801895.2,-4576.0,0.06902206320810972
490252265500,954810.7,803542.9,-3780.0,0.18768634466308884
490252265600,955510.6,803225.3,-4666.0,0.05560524746571258
490252265800,956770.1,803528.9,-4603.0,0.06499701848539058
490252266400,972423.3,793691.0,-3009.0,0.302623732856291
490252266500,966547.1,801925.0,-2601.0,0.36344663088849133
490252267200,961811.2,798080.7,-2913.0,0.3169350029815146
490252267300,951479.0,801243.3,-3041.0,0.29785330948121647
490252267400,951800.3,806167.8,-2746.0,0.34183064997018486
490252267500,952918.5,805803.2,-2814.0,0.3316935002981515
490252267600,947876.8,806753.0,-4145.0,0.13327370304114491
490252267700,960659.5,800716.8,-4623.0,0.06201550387596899
490252267800,948544.6,806118.8,-4350.0,0.10271317829457365
490252267900,960766.2,803183.4,-4483.0,0.0828861061419201
490252268000,949687.3,805519.4,-4395.0,0.09600477042337507
490252268500,947607.1,802149.1,-2695.0,0.3494335122242099
490252268600,952922.2,803146.2,391.0,0.8094812164579607
490252269200,959927.8,799261.3,-3000.0,0.3039654144305307
490252269300,965315.4,802678.6,-4270.0,0.11463923673226
490252269400,963378.0,803147.5,-2643.0,0.357185450208706
490252269500,964159.6,798515.9,-2875.0,0.32259988073941565
490252269600,965188.4,801223.1,-4406.0,0.0943649373881932
490252269900,961424.2,802140.2,-4456.0,0.08691115086463924
490252270000,962590.3,802592.2,-4442.0,0.08899821109123435
490252270100,954099.9,803305.2,-4703.0,0.05008944543828265
490252270300,955213.1,802531.4,-3075.0,0.2927847346451998
490252270400,960533.7,802442.3,-4496.0,0.08094812164579607
490252270800,945827.7,804496.7,-2326.0,0.40444245676803814
490252270900,942893.5,805637.5,-2285.0,0.41055456171735244
490252271000,956935.3,804010.5,-4498.0,0.08064997018485391
490252271100,952843.4,804211.7,-2813.0,0.33184257602862255
490252271300,959896.6,802505.8,-4557.0,0.07185450208706022
490252271400,953966.8,803187.9,-4674.0,0.054412641621943945
490252271500,944581.5,807247.3,-2405.0,0.3926654740608229
490252271600,954795.2,802858.6,-4568.0,0.07021466905187836
490252272000,946664.5,807136.6,-2260.0,0.4142814549791294
490252272300,971039.5,789804.2,-2858.0,0.32513416815742396
490252272400,939759.9,805318.8,-1888.0,0.4697376267143709
490252272500,969979.3,789898.4,-2865.0,0.3240906380441264
490252272900,969359.8,792105.6,-2861.0,0.32468694096601075
490252273100,970163.3,792689.1,-2739.0,0.3428741800834824
490252273300,948306.9,805425.7,-2673.0,0.35271317829457366
490252273400,946307.7,805740.6,-2545.0,0.3717948717948718
490252273500,961144.3,801364.4,-4473.0,0.0843768634466309
490252273600,957229.1,798022.3,-2547.0,0.3714967203339296
490252273800,958902.0,801265.8,-4674.0,0.054412641621943945
490252273900,959797.1,801441.1,-4621.0,0.062313655336911154
490252274000,959837.3,803326.1,-4513.0,0.07841383422778772
490252274200,952335.4,803466.8,-2927.0,0.3148479427549195
490252274300,954652.4,802875.3,443.0,0.8172331544424568
490252274400,960505.5,803312.6,-4521.0,0.07722122838401908
490252274500,951094.9,804894.1,-4479.0,0.08348240906380441
490252274700,953655.3,804323.9,-2652.0,0.3558437686344663
490252275200,955131.8,801479.9,-2086.0,0.4402206320810972
490252275300,954248.8,803482.3,-4551.0,0.0727489564698867
490252276001,955164.9,801453.5,-30.0,0.7467203339296362
490252276002,955164.9,801453.5,-223.0,0.717948717948718
490252276003,955164.9,801453.5,429.0,0.8151460942158617
490252276100,951648.6,802620.1,-2806.0,0.3328861061419201
490252276800,954645.4,803084.0,-4687.0,0.05247465712581992
490252276900,954534.1,802307.1,478.0,0.8224508050089445
490252277000,952438.1,801244.0,434.0,0.8158914728682171
490252277200,960860.8,802713.2,-4458.0,0.08661299940369707
490252277300,960736.6,802882.9,-4460.0,0.08631484794275492
490252277400,960681.0,802951.0,-4463.0,0.08586762075134168
490252277700,960205.5,801429.8,-4546.0,0.0734943351222421
490252277800,959786.5,801748.7,-4576.0,0.06902206320810972
490252277900,955999.9,803209.2,-4660.5,0.056425163983303515
490252278000,955064.9,803226.9,-4670.5,0.05493440667859272
490252278100,955289.1,803095.5,-4676.0,0.05411449016100179
490252278200,954638.6,803356.8,-4626.0,0.06156827668455576
490252278300,955860.5,803546.1,,
490252278400,955361.0,803535.9,-4857.0,0.027131782945736434
490252278500,954121.0,803936.4,-4643.0,0.059033989266547404
490252279000,968825.6,800866.9,-4426.0,0.09138342277877162
490252279100,968666.4,792578.3,-2853.0,0.3258795468097794
490252279200,970183.0,791574.5,-3138.0,0.28339296362552174
490252279300,969756.3,800327.7,-2562.0,0.36926058437686343
490252280200,958239.4,800899.0,-3040.0,0.29800238521168754
490252280300,961585.2,804613.5,-2554.0,0.37045319022063206
490252280400,952380.2,806083.9,-2644.0,0.35703637447823494
490252280500,956593.4,805115.7,-2682.0,0.3513714967203339
490252280700,953449.6,802641.9,469.0,0.8211091234347049
490252280800,955527.2,802979.6,522.0,0.8290101371496721
490252282200,953112.9,800350.0,-2101.0,0.437984496124031
490252283300,955640.5,800232.4,-833.0,0.6270125223613596
490252283301,955640.5,800232.4,-152.0,0.7285330948121646
490252284300,954284.1,801426.2,357.0,0.8044126416219439
490252284600,952066.7,799898.5,-3974.0,0.15876565295169948
490252284700,955012.2,801915.7,508.0,0.8269230769230769
490252284701,955012.2,801915.7,534.0,0.8307990459153249
490252303100,950770.4,802426.9,506.0,0.8266249254621347
490252304000,951665.6,802582.6,444.3000000000002,0.8174269528920692
490252304700,948057.8,804965.5,737.0,0.8610614192009541
490252304800,960893.3,798038.0,607.0,0.8416815742397138
490252305400,960524.8,800826.7,608.3000000000002,0.8418753726893262
490252305500,943786.8,804360.5,-4008.0,0.15369707811568276
490252312200,959349.2,802082.7,-4655.0,0.057245080500894455
490252312300,959419.4,801645.6,-4679.0,0.05366726296958855
490252319500,966905.1,795788.4,653.3999999999996,0.8485986881335718
490252327100,962199.9,802215.2,-4294.0,0.11106141920095408
490252327200,965133.4,799361.6,-4276.0,0.11374478234943351
490252327300,965624.8,798848.7,-4290.0,0.11165772212283841
490252327400,964244.0,800154.5,,
490252343700,966875.5,795826.6,-3079.0,0.29218843172331543
490252345100,973958.4,795638.2,-2938.8,0.3130888491353607
490252345101,973958.4,795638.2,-3933.0,0.16487775790101372
490252345102,973958.4,795638.2,-2424.0,0.3898330351818724
490252345103,973958.4,795638.2,-3647.0,0.2075134168157424
490252345104,973958.4,795638.2,-2866.0,0.32394156231365534
490252347900,973928.9,795644.8,-2557.0,0.37000596302921884
490252347901,973928.9,795644.8,-3024.0,0.3003875968992248
490252347902,973928.9,795644.8,-3575.0,0.2182468694096601
490252347903,973928.9,795644.8,-3889.0,0.1714370900417412
490252347904,973928.9,795644.8,-2415.65,0.3910778175313059
490252347905,973928.9,795644.8,-1038.0,0.5964519976147883
490252348500,958937.8,803814.8,-1499.0,0.5277280858676208
490252350700,974001.0,795501.4,-1368.0,0.5472570065593322
490252350800,973838.7,795478.7,589.8000000000002,0.8391174716756112
490254038000,957491.1,799574.2,-2027.0,0.4490161001788909
490256012900,952475.9,800507.2,-2483.0,0.3810375670840787
490256012901,952475.9,800507.2,-2983.0,0.30649970184853903
